kelvin,PS/CSC/19/0092,crata02@gmail.com,pass1234,College of Education
Argon,PS/CSC/19/0093,argon@gmail.com,pass1235,College of Education
kirchoff,PS/CSC/19/0094,kirchoff@gmail.com,pass1236,College of Education
Grace,PS/CSC/19/0095,grace@gmail.com,pass1237,College of Education
Pirate,PS/CSC/19/0096,pirate@gmail.com,pass1238,College of Education
Wendy,PS/CSC/19/0097,wendy@gmail.com,pass1239,College of Education
kelvin,PS/CSC/19/0098,crata02@gmail.com,pass1240,College of Education
Argon,PS/CSC/19/0099,argon@gmail.com,pass1241,College of Education
kirchoff,PS/CSC/19/0100,kirchoff@gmail.com,pass1242,College of Education
Grace,PS/CSC/19/0101,grace@gmail.com,pass1243,College of Education
Pirate,PS/CSC/19/0102,pirate@gmail.com,pass1244,College of Education
Wendy,PS/CSC/19/0103,wendy@gmail.com,pass1245,College of Education
kelvin,PS/CSC/19/0104,crata02@gmail.com,pass1246,College of Education
Argon,PS/CSC/19/0105,argon@gmail.com,pass1247,College of Education
kirchoff,PS/CSC/19/0106,kirchoff@gmail.com,pass1248,College of Education
Grace,PS/CSC/19/0107,grace@gmail.com,pass1249,College of Education
Pirate,PS/CSC/19/0108,pirate@gmail.com,pass1250,College of Education
Wendy,PS/CSC/19/0109,wendy@gmail.com,pass1251,College of Education
kelvin,PS/CSC/19/0110,crata02@gmail.com,pass1252,College of Education
Argon,PS/CSC/19/0111,argon@gmail.com,pass1253,College of Education
kirchoff,PS/CSC/19/0112,kirchoff@gmail.com,pass1254,College of Education
Grace,PS/CSC/19/0113,grace@gmail.com,pass1255,College of Education
Pirate,PS/CSC/19/0114,pirate@gmail.com,pass1256,College of Education
Wendy,PS/CSC/19/0115,wendy@gmail.com,pass1257,College of Education
kelvin,PS/CSC/19/0116,crata02@gmail.com,pass1258,College of Education
Argon,PS/CSC/19/0117,argon@gmail.com,pass1259,College of Education
kirchoff,PS/CSC/19/0118,kirchoff@gmail.com,pass1260,College of Education
Grace,PS/CSC/19/0119,grace@gmail.com,pass1261,College of Education
Pirate,PS/CSC/19/0120,pirate@gmail.com,pass1262,College of Education
Wendy,PS/CSC/19/0121,wendy@gmail.com,pass1263,College of Education
kelvin,PS/CSC/19/0122,crata02@gmail.com,pass1264,College of Education
Argon,PS/CSC/19/0123,argon@gmail.com,pass1265,College of Education
kirchoff,PS/CSC/19/0124,kirchoff@gmail.com,pass1266,College of Education
Grace,PS/CSC/19/0125,grace@gmail.com,pass1267,College of Education
Pirate,PS/CSC/19/0126,pirate@gmail.com,pass1268,College of Education
Wendy,PS/CSC/19/0127,wendy@gmail.com,pass1269,College of Education
kelvin,PS/CSC/19/0128,crata02@gmail.com,pass1270,College of Education
Argon,PS/CSC/19/0129,argon@gmail.com,pass1271,College of Education
kirchoff,PS/CSC/19/0130,kirchoff@gmail.com,pass1272,College of Education
Grace,PS/CSC/19/0131,grace@gmail.com,pass1273,College of Education
Pirate,PS/CSC/19/0132,pirate@gmail.com,pass1274,College of Education
Wendy,PS/CSC/19/0133,wendy@gmail.com,pass1275,College of Education
kelvin,PS/CSC/19/0134,crata02@gmail.com,pass1276,College of Education
Argon,PS/CSC/19/0135,argon@gmail.com,pass1277,College of Education
kirchoff,PS/CSC/19/0136,kirchoff@gmail.com,pass1278,College of Education
Grace,PS/CSC/19/0137,grace@gmail.com,pass1279,College of Education
Pirate,PS/CSC/19/0138,pirate@gmail.com,pass1280,College of Education
Wendy,PS/CSC/19/0139,wendy@gmail.com,pass1281,College of Education
kelvin,PS/CSC/19/0140,crata02@gmail.com,pass1282,College of Education
Argon,PS/CSC/19/0141,argon@gmail.com,pass1283,College of Education
kirchoff,PS/CSC/19/0142,kirchoff@gmail.com,pass1284,College of Education
Grace,PS/CSC/19/0143,grace@gmail.com,pass1285,College of Education
Pirate,PS/CSC/19/0144,pirate@gmail.com,pass1286,College of Education
Wendy,PS/CSC/19/0145,wendy@gmail.com,pass1287,College of Education
kelvin,PS/CSC/19/0146,crata02@gmail.com,pass1288,College of Education
Argon,PS/CSC/19/0147,argon@gmail.com,pass1289,College of Education
kirchoff,PS/CSC/19/0148,kirchoff@gmail.com,pass1290,College of Education
Grace,PS/CSC/19/0149,grace@gmail.com,pass1291,College of Education
Pirate,PS/CSC/19/0150,pirate@gmail.com,pass1292,College of Education
Wendy,PS/CSC/19/0151,wendy@gmail.com,pass1293,College of Education
kelvin,PS/CSC/19/0152,crata02@gmail.com,pass1294,College of Education
Argon,PS/CSC/19/0153,argon@gmail.com,pass1295,College of Education
kirchoff,PS/CSC/19/0154,kirchoff@gmail.com,pass1296,College of Education
Grace,PS/CSC/19/0155,grace@gmail.com,pass1297,College of Education
Pirate,PS/CSC/19/0156,pirate@gmail.com,pass1298,College of Education
Wendy,PS/CSC/19/0157,wendy@gmail.com,pass1299,College of Education
kelvin,PS/CSC/19/0158,crata02@gmail.com,pass1300,College of Education
Argon,PS/CSC/19/0159,argon@gmail.com,pass1301,College of Education
kirchoff,PS/CSC/19/0160,kirchoff@gmail.com,pass1302,College of Education
Grace,PS/CSC/19/0161,grace@gmail.com,pass1303,College of Education
